{"_step":20199,"ch_nmse":0.02090180292725563,"_timestamp":1.7544445236682382e+09,"estimation":{"path":"media/images/estimation_20199_6b58fc2dc30bb6d147f1.png","format":"png","width":1000,"height":1200,"_type":"image-file","sha256":"6b58fc2dc30bb6d147f1f1701ffaeee2d2ebf34026de4c24e57af1b5af678793","size":259853},"_wandb":{"runtime":142958},"_runtime":142958}